Workbook

Sheet دليل الاستخدام
A1: حزمة مصنع أثاث مكتبي ومنزلي حسب الطلب — السعودية
A2: الإصدار | B2: 1.0 — 28 أكتوبر 2026
A3: الغرض | B3: تقدير وتسعير ومتابعة؛ ليس نظام فوترة إلكترونية أو دفتر أستاذ.
A4: اللون الأزرق | B4: مدخلات قابلة للتعديل؛ القيم الحالية مثال وليست بيانات المصنع.
A5: اللون الرمادي | B5: معادلات؛ تجنب الكتابة فوقها. الملف غير مقفل لتسهيل التخصيص.
A6: الخطوة 1 | B6: عدّل مواد الطلب ثم العمل المباشر ثم التحميل الصناعي. استبدل سطر المثال بتفاصيلك.
A7: الخطوة 2 | B7: في التسعير عدّل الكمية والتكاليف الإضافية والهامش والعمولة والخصم والضريبة.
A8: الخطوة 3 | B8: راجع صلاحية المدخلات وحد الخصم والربح والإجمالي. لا تصدر قبل اعتماد السعر.
A9: الفاقد | B9: نسبة من كمية المدخلات: كمية الصرف = الاحتياج الصافي ÷ (1 − نسبة الفاقد).
A10: منع التكرار | B10: لا تكرر تكلفة مواد أو أجور أو كهرباء أو إهلاك في أكثر من معدل.
A11: الضريبة | B11: 15% مثال لتوريد خاضع لمنشأة مسجلة؛ تحقق من الحالة الفعلية.
A12: الإيراد والمقدم | B12: جدول الدفعات سجل متابعة فقط؛ المعالجة الضريبية والمالية موضحة بالدليل.
A13: القيود | B13: نماذج السجلات لا تُرحّل محاسبيًا تلقائيًا. راجعها مع الأستاذ والمخزون.
... A18: الاعتماد | B18: استكمل اسم المصنع ورقم الطلب ومراجع الأسعار وصلاحية العرض وموافقات التسعير.

Sheet مواد الطلب
A1: مواد الطلب
A2: الصنف | B2: الوحدة | C2: احتياج صافي | D2: فاقد من المدخلات % | E2: كمية صرف | F2: سعر الوحدة الصافي | G2: التكلفة | H2: مرجع السعر
A3: مثال إجمالي خامات — استبدله بالتفصيل | B3: حزمة | C3: 1 | D3: 0 | E3: =IF(AND(ISNUMBER(C3),ISNUMBER(D3),C3>=0,D3>=0,D3<1),C3/(1-D3),NA()) -> 1 | F3: 8000 | G3: =E3*F3 -> 8000 | H3: مثال وليس عرض مورد
D4: 0 | E4: =IF(C4="","",IF(AND(ISNUMBER(C4),ISNUMBER(D4),C4>=0,D4>=0,D4<1),C4/(1-D4),NA())) | G4: =IF(E4="","",E4*F4)
D5: 0 | E5: =IF(C5="","",IF(AND(ISNUMBER(C5),ISNUMBER(D5),C5>=0,D5>=0,D5<1),C5/(1-D5),NA())) | G5: =IF(E5="","",E5*F5)
D6: 0 | E6: =IF(C6="","",IF(AND(ISNUMBER(C6),ISNUMBER(D6),C6>=0,D6>=0,D6<1),C6/(1-D6),NA())) | G6: =IF(E6="","",E6*F6)
D7: 0 | E7: =IF(C7="","",IF(AND(ISNUMBER(C7),ISNUMBER(D7),C7>=0,D7>=0,D7<1),C7/(1-D7),NA())) | G7: =IF(E7="","",E7*F7)
D8: 0 | E8: =IF(C8="","",IF(AND(ISNUMBER(C8),ISNUMBER(D8),C8>=0,D8>=0,D8<1),C8/(1-D8),NA())) | G8: =IF(E8="","",E8*F8)
D9: 0 | E9: =IF(C9="","",IF(AND(ISNUMBER(C9),ISNUMBER(D9),C9>=0,D9>=0,D9<1),C9/(1-D9),NA())) | G9: =IF(E9="","",E9*F9)
D10: 0 | E10: =IF(C10="","",IF(AND(ISNUMBER(C10),ISNUMBER(D10),C10>=0,D10>=0,D10<1),C10/(1-D10),NA())) | G10: =IF(E10="","",E10*F10)
D11: 0 | E11: =IF(C11="","",IF(AND(ISNUMBER(C11),ISNUMBER(D11),C11>=0,D11>=0,D11<1),C11/(1-D11),NA())) | G11: =IF(E11="","",E11*F11)
D12: 0 | E12: =IF(C12="","",IF(AND(ISNUMBER(C12),ISNUMBER(D12),C12>=0,D12>=0,D12<1),C12/(1-D12),NA())) | G12: =IF(E12="","",E12*F12)
D13: 0 | E13: =IF(C13="","",IF(AND(ISNUMBER(C13),ISNUMBER(D13),C13>=0,D13>=0,D13<1),C13/(1-D13),NA())) | G13: =IF(E13="","",E13*F13)
D14: 0 | E14: =IF(C14="","",IF(AND(ISNUMBER(C14),ISNUMBER(D14),C14>=0,D14>=0,D14<1),C14/(1-D14),NA())) | G14: =IF(E14="","",E14*F14)
D15: 0 | E15: =IF(C15="","",IF(AND(ISNUMBER(C15),ISNUMBER(D15),C15>=0,D15>=0,D15<1),C15/(1-D15),NA())) | G15: =IF(E15="","",E15*F15)
... D32: 0 | E32: =IF(C32="","",IF(AND(ISNUMBER(C32),ISNUMBER(D32),C32>=0,D32>=0,D32<1),C32/(1-D32),NA())) | G32: =IF(E32="","",E32*F32)

Sheet عمل مباشر
A1: عمل مباشر
A2: المرحلة | B2: العامل/الفئة | C2: ساعات | D2: معدل ساعة | E2: التكلفة | F2: مرجع المعدل
A3: مثال عمل مباشر | B3: فريق | C3: 100 | D3: 30 | E3: =C3*D3 -> 3000 | F3: تكلفة ساعة مثال
E4: =IF(C4="","",C4*D4)
E5: =IF(C5="","",C5*D5)
E6: =IF(C6="","",C6*D6)
E7: =IF(C7="","",C7*D7)
E8: =IF(C8="","",C8*D8)
E9: =IF(C9="","",C9*D9)
E10: =IF(C10="","",C10*D10)
E11: =IF(C11="","",C11*D11)
E12: =IF(C12="","",C12*D12)
E13: =IF(C13="","",C13*D13)
E14: =IF(C14="","",C14*D14)
E15: =IF(C15="","",C15*D15)
... E32: =IF(C32="","",C32*D32)

Sheet تحميل صناعي
A1: تحميل صناعي
A2: المركز/الآلة | B2: محرك التحميل | C2: كمية المحرك | D2: المعدل | E2: التكلفة | F2: مكونات المعدل
A3: مثال تحميل | B3: ساعة آلة | C3: 40 | D3: 50 | E3: =C3*D3 -> 2000 | F3: مثال؛ لا يشمل الأجر المباشر المدرج في ورقة العمل
E4: =IF(C4="","",C4*D4)
E5: =IF(C5="","",C5*D5)
E6: =IF(C6="","",C6*D6)
E7: =IF(C7="","",C7*D7)
E8: =IF(C8="","",C8*D8)
E9: =IF(C9="","",C9*D9)
E10: =IF(C10="","",C10*D10)
E11: =IF(C11="","",C11*D11)
E12: =IF(C12="","",C12*D12)
E13: =IF(C13="","",C13*D13)
E14: =IF(C14="","",C14*D14)
E15: =IF(C15="","",C15*D15)
... E32: =IF(C32="","",C32*D32)

Sheet التسعير
A1: حاسبة تسعير طلب عميل — مثال 10 مكاتب
A2: رقم الطلب | B2: SO-EXAMPLE
A3: عدد الوحدات المتجانسة | B3: 10
A4: الخامات | B4: =SUM('مواد الطلب'!G3:G32) -> 8000
A5: العمل المباشر | B5: =SUM('عمل مباشر'!E3:E32) -> 3000
A6: التحميل الصناعي | B6: =SUM('تحميل صناعي'!E3:E32) -> 2000
A7: تصنيع خارجي | B7: 500
A8: تصميم خاص | B8: 500
A9: تغليف | B9: 300
A10: نقل وتركيب | B10: 1200
A11: مخاطر وضمان للتسعير فقط | B11: 300
A12: نصيب بيع وإدارة للتسعير | B12: 700
A13: التكلفة الأساسية C | B13: =SUM(B4:B12) -> 16500
A14: هامش مستهدف من صافي البيع | B14: 0.25
A15: عمولة من صافي البيع دون ضريبة | B15: 0.03
A16: خصم متوقع من سعر القائمة | B16: 0.05
A17: معدل الضريبة | B17: 0.15
A18: هامش أدنى لاعتماد الخصم | B18: 0.2
A19: صلاحية المدخلات | B19: =IF(AND(COUNT(B3:B12)=10,COUNT(B14:B18)=5,B3>0,MOD(B3,1)=0,MIN(B4:B12)>=0,B13>0,B14>=0,B15>=0,B14+B15<1,B16>=0,B16<1,B17>=0,B17<=1,B18>=0,B18+B15<1,B18<=B14),"صالح","راجع المدخلات") -> صالح
A20: صافي البيع المستهدف قبل الضريبة | B20: =IF(B19="صالح",B13/(1-B14-B15),NA()) -> 22916.667
A21: سعر القائمة قبل الخصم والضريبة | B21: =IF(B19="صالح",B20/(1-B16),NA()) -> 24122.807
A22: قيمة الخصم | B22: =B21*B16 -> 1206.1404
A23: صافي البيع بعد الخصم | B23: =B21-B22 -> 22916.667
A24: ضريبة القيمة المضافة | B24: =B23*B17 -> 3437.5
A25: الإجمالي شامل الضريبة | B25: =B23+B24 -> 26354.167
A26: العمولة المتوقعة | B26: =B23*B15 -> 687.5
A27: الربح بعد التكاليف المدرجة والعمولة | B27: =B23-B13-B26 -> 5729.1667
A28: هامش الربح المحقق | B28: =B27/B23 -> 0.25
A29: سعر الوحدة الصافي قبل الضريبة | B29: =B23/B3 -> 2291.6667
A30: سعر التعادل للتكاليف المدرجة | B30: =B13/(1-B15) -> 17010.309
A31: أقصى خصم عند الهامش الأدنى | B31: =1-B13/(B21*(1-B18-B15)) -> 0.11168831
A32: حالة الخصم | B32: =IF(B19<>"صالح","راجع المدخلات",IF(B16<=B31,"ضمن الحد","يتطلب اعتمادًا استثنائيًا")) -> ضمن الحد
A33: ملاحظة | B33: نسب الخصم والعمولة على الأسس المبينة؛ المبالغ تعرض بمنزلتين ولا تمثل فاتورة إلكترونية.

Sheet حساسية السعر
A1: حساسية السعر
A2: السيناريو | B2: معامل الخامات | C2: معامل ساعات العمل | D2: الخصم | E2: تكلفة معدلة | F2: سعر قائمة ثابت | G2: صافي بيع | H2: ربح بعد العمولة | I2: هامش فعلي
A3: أساسي | B3: 1 | C3: 1 | D3: 0.05 | E3: =التسعير!B13+التسعير!B4*(B3-1)+التسعير!B5*(C3-1) -> 16500 | F3: =التسعير!B21 -> 24122.807 | G3: =F3*(1-D3) -> 22916.667 | H3: =G3*(1-التسعير!B15)-E3 -> 5729.1667 | I3: =H3/G3 -> 0.25
A4: زيادة خامات 10% | B4: 1.1 | C4: 1 | D4: 0.05 | E4: =التسعير!B13+التسعير!B4*(B4-1)+التسعير!B5*(C4-1) -> 17300 | F4: =التسعير!B21 -> 24122.807 | G4: =F4*(1-D4) -> 22916.667 | H4: =G4*(1-التسعير!B15)-E4 -> 4929.1667 | I4: =H4/G4 -> 0.21509091
A5: زيادة ساعات 20% | B5: 1 | C5: 1.2 | D5: 0.05 | E5: =التسعير!B13+التسعير!B4*(B5-1)+التسعير!B5*(C5-1) -> 17100 | F5: =التسعير!B21 -> 24122.807 | G5: =F5*(1-D5) -> 22916.667 | H5: =G5*(1-التسعير!B15)-E5 -> 5129.1667 | I5: =H5/G5 -> 0.22381818
A6: خصم 10% | B6: 1 | C6: 1 | D6: 0.1 | E6: =التسعير!B13+التسعير!B4*(B6-1)+التسعير!B5*(C6-1) -> 16500 | F6: =التسعير!B21 -> 24122.807 | G6: =F6*(1-D6) -> 21710.526 | H6: =G6*(1-التسعير!B15)-E6 -> 4559.2105 | I6: =H6/G6 -> 0.21
A7: زيادة خامات وساعات وخصم | B7: 1.1 | C7: 1.2 | D7: 0.1 | E7: =التسعير!B13+التسعير!B4*(B7-1)+التسعير!B5*(C7-1) -> 17900 | F7: =التسعير!B21 -> 24122.807 | G7: =F7*(1-D7) -> 21710.526 | H7: =G7*(1-التسعير!B15)-E7 -> 3159.2105 | I7: =H7/G7 -> 0.14551515

Sheet مقارنة تكلفة
A1: مقارنة تكلفة
A2: العنصر | B2: تقديري | C2: فعلي — أدخل عند اكتمال البيانات | D2: انحراف فعلي ناقص تقديري | E2: انحراف % | F2: سبب وإجراء
A3: الخامات | B3: =التسعير!B4 -> 8000 | D3: =IF(C3="","",C3-B3) | E3: =IF(OR(C3="",B3=0),"",D3/B3)
A4: العمل المباشر | B4: =التسعير!B5 -> 3000 | D4: =IF(C4="","",C4-B4) | E4: =IF(OR(C4="",B4=0),"",D4/B4)
A5: التحميل الصناعي | B5: =التسعير!B6 -> 2000 | D5: =IF(C5="","",C5-B5) | E5: =IF(OR(C5="",B5=0),"",D5/B5)
A6: تصنيع خارجي | B6: =التسعير!B7 -> 500 | D6: =IF(C6="","",C6-B6) | E6: =IF(OR(C6="",B6=0),"",D6/B6)
A7: تصميم خاص | B7: =التسعير!B8 -> 500 | D7: =IF(C7="","",C7-B7) | E7: =IF(OR(C7="",B7=0),"",D7/B7)
A8: تغليف | B8: =التسعير!B9 -> 300 | D8: =IF(C8="","",C8-B8) | E8: =IF(OR(C8="",B8=0),"",D8/B8)
A9: نقل وتركيب | B9: =التسعير!B10 -> 1200 | D9: =IF(C9="","",C9-B9) | E9: =IF(OR(C9="",B9=0),"",D9/B9)
A10: مخاطر وضمان للتسعير فقط | B10: =التسعير!B11 -> 300 | D10: =IF(C10="","",C10-B10) | E10: =IF(OR(C10="",B10=0),"",D10/B10)
A11: نصيب بيع وإدارة للتسعير | B11: =التسعير!B12 -> 700 | D11: =IF(C11="","",C11-B11) | E11: =IF(OR(C11="",B11=0),"",D11/B11)
A13: الإجمالي — يلزم تعبئة جميع الفعلي، وصفر عند عدم وجود تكلفة | B13: =SUM(B3:B11) -> 16500 | C13: =IF(COUNT(C3:C11)=9,SUM(C3:C11),"") | D13: =IF(C13="","",C13-B13) | E13: =IF(C13="","",D13/B13)

Sheet سجل المستندات
A1: سجل المستندات
A2: النوع | B2: الرقم | C2: التاريخ | D2: طلب العميل | E2: أمر الإنتاج | F2: المسؤول | G2: الحالة | H2: مرجع المرفق | I2: ملاحظة

Sheet أوامر الإنتاج
A1: أوامر الإنتاج
A2: رقم الأمر | B2: طلب العميل | C2: المنتج | D2: إصدار الرسم وBOM | E2: كمية | F2: بدء | G2: تسليم مخطط | H2: مرحلة | I2: مكتمل | J2: تحت تشغيل | K2: ملاحظة

Sheet المشتريات
A1: المشتريات
A2: طلب شراء | B2: أمر شراء | C2: المورد | D2: طلب/أمر إنتاج | E2: الوصف | F2: كمية | G2: قيمة قبل الضريبة | H2: موعد | I2: مستلم | J2: فاتورة | K2: حالة

Sheet دفعات العملاء
A1: دفعات العملاء
A2: طلب العميل | B2: العميل | C2: مرحلة الدفع | D2: استحقاق | E2: مطلوب شامل الضريبة | F2: محصل | G2: متبقي | H2: تاريخ التحصيل | I2: مرجع بنكي | J2: فاتورة/تسوية | K2: ملاحظة
G3: =IF(E3="","",E3-F3)
G4: =IF(E4="","",E4-F4)
G5: =IF(E5="","",E5-F5)
G6: =IF(E6="","",E6-F6)
G7: =IF(E7="","",E7-F7)
G8: =IF(E8="","",E8-F8)
G9: =IF(E9="","",E9-F9)
G10: =IF(E10="","",E10-F10)
G11: =IF(E11="","",E11-F11)
G12: =IF(E12="","",E12-F12)
G13: =IF(E13="","",E13-F13)
G14: =IF(E14="","",E14-F14)
... G32: =IF(E32="","",E32-F32)

Sheet حركة المخزون
A1: حركة المخزون
A2: التاريخ | B2: المستند | C2: المخزن | D2: الصنف | E2: الوحدة | F2: وارد | G2: صادر | H2: طلب/أمر إنتاج | I2: تشغيلة/مقاس | J2: ملاحظة

Sheet الجرد
A1: الجرد
A2: المخزن | B2: الصنف | C2: الوحدة | D2: رصيد دفتري | E2: فعلي | F2: فرق | G2: تكلفة وحدة | H2: قيمة الفرق | I2: سبب | J2: اعتماد
F3: =IF(OR(D3="",E3=""),"",E3-D3) | H3: =IF(OR(F3="",G3=""),"",F3*G3)
F4: =IF(OR(D4="",E4=""),"",E4-D4) | H4: =IF(OR(F4="",G4=""),"",F4*G4)
F5: =IF(OR(D5="",E5=""),"",E5-D5) | H5: =IF(OR(F5="",G5=""),"",F5*G5)
F6: =IF(OR(D6="",E6=""),"",E6-D6) | H6: =IF(OR(F6="",G6=""),"",F6*G6)
F7: =IF(OR(D7="",E7=""),"",E7-D7) | H7: =IF(OR(F7="",G7=""),"",F7*G7)
F8: =IF(OR(D8="",E8=""),"",E8-D8) | H8: =IF(OR(F8="",G8=""),"",F8*G8)
F9: =IF(OR(D9="",E9=""),"",E9-D9) | H9: =IF(OR(F9="",G9=""),"",F9*G9)
F10: =IF(OR(D10="",E10=""),"",E10-D10) | H10: =IF(OR(F10="",G10=""),"",F10*G10)
F11: =IF(OR(D11="",E11=""),"",E11-D11) | H11: =IF(OR(F11="",G11=""),"",F11*G11)
F12: =IF(OR(D12="",E12=""),"",E12-D12) | H12: =IF(OR(F12="",G12=""),"",F12*G12)
F13: =IF(OR(D13="",E13=""),"",E13-D13) | H13: =IF(OR(F13="",G13=""),"",F13*G13)
F14: =IF(OR(D14="",E14=""),"",E14-D14) | H14: =IF(OR(F14="",G14=""),"",F14*G14)
... F32: =IF(OR(D32="",E32=""),"",E32-D32) | H32: =IF(OR(F32="",G32=""),"",F32*G32)

Sheet الأصول
A1: الأصول
A2: رمز | B2: الوصف | C2: الموقع/العهدة | D2: جاهز للاستخدام | E2: التكلفة | F2: قيمة متبقية | G2: عمر بالسنوات | H2: إهلاك سنوي خط مستقيم | I2: ملاحظة
H3: =IF(OR(E3="",F3="",G3=""),"",IF(AND(G3>0,E3>=F3,F3>=0),(E3-F3)/G3,NA())) | I3: سنوي توضيحي؛ يحتسب الشهري بحسب تاريخ الجاهزية والسياسة.
H4: =IF(OR(E4="",F4="",G4=""),"",IF(AND(G4>0,E4>=F4,F4>=0),(E4-F4)/G4,NA()))
H5: =IF(OR(E5="",F5="",G5=""),"",IF(AND(G5>0,E5>=F5,F5>=0),(E5-F5)/G5,NA()))
H6: =IF(OR(E6="",F6="",G6=""),"",IF(AND(G6>0,E6>=F6,F6>=0),(E6-F6)/G6,NA()))
H7: =IF(OR(E7="",F7="",G7=""),"",IF(AND(G7>0,E7>=F7,F7>=0),(E7-F7)/G7,NA()))
H8: =IF(OR(E8="",F8="",G8=""),"",IF(AND(G8>0,E8>=F8,F8>=0),(E8-F8)/G8,NA()))
H9: =IF(OR(E9="",F9="",G9=""),"",IF(AND(G9>0,E9>=F9,F9>=0),(E9-F9)/G9,NA()))
H10: =IF(OR(E10="",F10="",G10=""),"",IF(AND(G10>0,E10>=F10,F10>=0),(E10-F10)/G10,NA()))
H11: =IF(OR(E11="",F11="",G11=""),"",IF(AND(G11>0,E11>=F11,F11>=0),(E11-F11)/G11,NA()))
H12: =IF(OR(E12="",F12="",G12=""),"",IF(AND(G12>0,E12>=F12,F12>=0),(E12-F12)/G12,NA()))
H13: =IF(OR(E13="",F13="",G13=""),"",IF(AND(G13>0,E13>=F13,F13>=0),(E13-F13)/G13,NA()))
H14: =IF(OR(E14="",F14="",G14=""),"",IF(AND(G14>0,E14>=F14,F14>=0),(E14-F14)/G14,NA()))
H15: =IF(OR(E15="",F15="",G15=""),"",IF(AND(G15>0,E15>=F15,F15>=0),(E15-F15)/G15,NA()))
... H32: =IF(OR(E32="",F32="",G32=""),"",IF(AND(G32>0,E32>=F32,F32>=0),(E32-F32)/G32,NA()))

Sheet الإقفال الشهري
A1: الإقفال الشهري
A2: الفترة | B2: الإجراء | C2: المسؤول | D2: الموعد | E2: الحالة | F2: الدليل | G2: مراجع | H2: ملاحظات
B3: قطع الاستلام والصرف والتسليم
B4: مطابقة البنك والصندوق
B5: مطابقة العملاء والدفعات
B6: مطابقة الموردين والاستلامات
B7: جرد وتقييم تحت التشغيل والتام
B8: إثبات أجور وإهلاك واستحقاقات
B9: تحميل وفروق وهالك
B10: مراجعة الإيراد والضريبة والضمان
B11: مطابقة التقارير واعتماد الإقفال

Sheet طلب العميل
A1: طلب العميل
A2: البيان | B2: القيمة | C2: ملاحظات
A3: اسم المنشأة
A4: رقم الطلب
A5: العميل
A6: الموقع
A7: فئة مكتبي/منزلي
A8: الوصف والكميات
A9: الرسم والإصدار
A10: الخامات والألوان والعينات
A11: قيمة دون ضريبة
A12: الضريبة
A13: الإجمالي
A14: شروط الدفعات
... A19: اعتماد السعر الداخلي
